sample_id;Disease_status;Light_chain_type;Mayo_2004_Staging;Gender;Diagnosis_sub_category;Age_at_diagnosis;Overall_survival_days;abnormal_chr1;1p32_p36_loss;1q_gain;t(6_14);trisomy_11;del(11q);t(11_14);monosomy_12;monosomy_13;del(13q);del(14q32);t(14_20);IgH_(14q32)_translocation;del(17p13);IgH_deletion;other_abnormality
P01;Diagnosis;lambda;;Female;AL_MM;66-70;196;0;0;0;0;0;0;0;0;0;0;0;0;0;0;0;0
P02;Diagnosis;lambda;II;Female;AL_SMM;61-65;2945;0;0;1;0;0;0;0;0;0;0;0;0;0;0;0;1
P03;Diagnosis;kappa;I;Female;AL_SMM;51-55;5381;0;0;0;0;0;0;0;0;1;1;0;1;0;0;0;0
P04;Diagnosis;lambda;III;Female;AL_SMM;61-65;2580;0;0;0;0;1;0;1;1;0;0;0;0;0;0;0;1
P05;Diagnosis;lambda;;Female;AL_SMM;71-75;1229;0;0;0;0;0;0;0;0;0;0;0;0;0;0;0;0
P06;Diagnosis;lambda;III;Male;AL_MM;61-65;449;0;0;1;0;0;1;1;0;0;1;0;0;0;1;0;1
P07;Diagnosis;lambda;;Male;AL_MGUS;51-55;789;0;0;0;0;0;0;1;0;1;0;0;0;0;0;0;0
P08;Diagnosis;kappa;III;Female;AL_MM;45-50;764;0;0;1;0;0;0;0;0;0;1;0;0;0;0;1;1
P09;Diagnosis;lambda;;Male;AL_SMM;66-70;253;0;0;0;0;0;0;1;0;0;0;0;0;0;0;0;0
P10;Diagnosis;lambda;III;Male;AL_SMM;71-75;691;0;0;1;0;0;0;0;0;0;0;0;0;1;0;0;1
P11;Diagnosis;lambda;;Male;AL_MGUS;81-85;787;0;0;0;0;0;0;0;0;0;0;0;0;0;0;0;0
P12;Diagnosis;lambda;II;Male;AL_SMM;61-65;1924;0;0;0;0;0;0;0;0;0;1;1;0;0;0;0;1
P13_D;Diagnosis;lambda;II;Male;AL_SMM;66-70;1805;0;0;1;0;0;0;0;0;0;0;0;0;0;0;0;0
P13_R;Relapse;lambda;II;Male;AL_SMM;66-70;;0;0;1;0;0;0;0;0;0;0;0;0;0;0;0;0
P14;Diagnosis;lambda;I;Male;AL_SMM;71-75;1838;0;0;0;0;0;0;0;0;0;0;0;0;0;0;1;0
P15;Diagnosis;kappa;III;Female;AL_SMM;61-65;39;1;0;0;0;0;0;0;0;1;0;1;0;0;0;0;0
P16;Diagnosis;lambda;I;Male;AL_MGUS;76-80;1664;0;0;0;0;0;0;1;1;0;0;0;0;0;0;0;1
P17;Diagnosis;lambda;III;Male;AL_SMM;66-70;1604;0;1;0;0;1;0;0;0;0;0;0;0;0;0;0;0
P18;Diagnosis;lambda;I;Female;AL_SMM;56-60;1632;0;0;0;1;1;0;0;0;0;0;0;0;0;0;0;0
P19;Diagnosis;lambda;III;Male;AL_SMM;61-65;153;0;0;0;0;1;0;0;0;1;0;0;0;0;0;0;0