sample_id,batch,diagnosis,lc_type
P02,Batch1,AL_SMM,lambda
P03,Batch1,AL_SMM,kappa
P05,Batch1,AL_SMM,lambda
P13_D,Batch1,AL_SMM,lambda
P13_R,Batch1,AL_SMM,lambda
P14,Batch1,AL_SMM,lambda
P16,Batch1,AL_MGUS,lambda
P17,Batch1,AL_SMM,lambda
P19,Batch1,AL_SMM,lambda
P01,Batch2,AL_MM,lambda
P04,Batch2,AL_SMM,lambda
P06,Batch2,AL_MM,lambda
P07,Batch2,AL_MGUS,lambda
P08,Batch2,AL_MM,kappa
P09,Batch2,AL_SMM,lambda
P10,Batch2,AL_SMM,lambda
P11,Batch2,AL_MGUS,lambda
P12,Batch2,AL_SMM,lambda
P15,Batch2,AL_SMM,kappa
P18,Batch2,AL_SMM,lambda